path,address,hasActivity
m/44'/501'/0'/0',FxCtKb3JZmwnWQhMSeFFxA2JNXuHpmNEosr31RgGGhkZ,true
m/44'/501'/1'/0',93fN8aithSLUD4yH3kzJsjxm7pNDsoVNrEsbaPVrfYJm,true
m/44'/501'/2'/0',CtNa2UNHnTwMspsXxK9SEiSfjn1Sz1Xai9uwshLPwioS,true
m/44'/501'/3'/0',c5eFSynZzDqky7YUek7J9EA8g3LpJJAuAvja5KdNKuJ,true
m/44'/501'/4'/0',FpF1SvGqjH2Ce4RX6HZrzrWuePKbcqrrJdQquRbX3ZK9,false
m/44'/501'/5'/0',4AEz9LmVDaHc3gQtWx8Kdeer21QUG9cWK9yFeSfk1NRi,false
m/44'/501'/6'/0',EsRsLizZ81TNMHvYU4ygAddZvQa8ap3xYGJuJ3fz2TmL,false
m/44'/501'/7'/0',3RNriCJnPubV1dnXVhBdA85raaf2uqHKUqJ1PmZNMTyh,false
m/44'/501'/8'/0',FD2Y6qxn98iefR3vjqW9872FqxjSjXHT93siSXUHVSsM,false
m/44'/501'/9'/0',CPNk2YyBZK2vfDmYvatWyb5Vv8B336ZhptNXZhCMmTCD,false
m/44'/501'/0',CqKZ9xg2Yazn9fi3b3JiDaHnKrX3FiuxyZxnWgqSUBUF,false
m/44'/501'/1',8MzHnN68oZAG1QxKiHHPaJTmvJhZ8L62MXqfhsqsBcGo,false
m/44'/501'/2',2Cuj1unUDvkrjKox2TxgjcVPyLwXscjb3ckbha3pTdTS,false
m/44'/501'/3',3HJ7NFerJYEAKZBzXkzqnaFFPBYzyyfgUhTV8wysYSBj,false
m/44'/501'/4',5x6fgKkgJqTMLQbtwNhPVnrvJsh4jdDvqnCbY1w7MwPw,false
m/44'/501'/5',3aDAB1MvXTSuDFL8CmvwjKNcypMiPk6Xk2hMr97YFHry,false
m/44'/501'/6',HbQunmjje87gsAiZvH3Dv8Ca7hKUn7j4kSVG3v8ae8vj,false
m/44'/501'/7',CChspY7ri8yNyCwu5fZEEEXcPGsL6PcnDvzjpbmGw6ig,false
m/44'/501'/8',Cb1bBTQJtDDGLq8F3dtibBLwpbeErGTc7szpBEWpHzVo,false
m/44'/501'/9',8AkLCe4UTVdkt718NV6k2Zd9UbxiRFevi51nHSWDD2N1,false